Experiment,Dataset,Noise_0_KS_Stat,Noise_0_P_Value,Noise_1_KS_Stat,Noise_1_P_Value,Noise_2_KS_Stat,Noise_2_P_Value,Noise_3_KS_Stat,Noise_3_P_Value,Noise_4_KS_Stat,Noise_4_P_Value,Noise_5_KS_Stat,Noise_5_P_Value,Noise_6_KS_Stat,Noise_6_P_Value,Noise_7_KS_Stat,Noise_7_P_Value,Noise_8_KS_Stat,Noise_8_P_Value,Noise_9_KS_Stat,Noise_9_P_Value,Union_Bonferroni
pop,Clean Test,0.021,0.9802627322900355,0.036,0.5362766985932181,0.032,0.6854967337920594,0.023,0.9542189106778983,0.026,0.8881734182535203,0.042,0.34112475112661245,0.031,0.7228251828701066,0.045,0.26347172719864703,0.039,0.43260886958153144,0.044,0.28779764348473313,False
pop,Mutant 1,0.281,3.6339369843938636e-35,0.87,0.0,0.991,0.0,1.0,0.0,1.0,0.0,1.0,0.0,1.0,0.0,1.0,0.0,1.0,0.0,1.0,0.0,True
pop,Mutant 2,0.512,8.626549012104484e-120,0.811,0.0,0.893,0.0,0.965,0.0,0.98,0.0,0.992,0.0,0.987,0.0,0.986,0.0,0.976,0.0,0.965,0.0,True
pop,Mutant 3,0.76,1.364821011392552e-283,0.999,0.0,1.0,0.0,1.0,0.0,1.0,0.0,1.0,0.0,1.0,0.0,1.0,0.0,1.0,0.0,1.0,0.0,True
pop,Mutant 4,0.863,0.0,0.898,0.0,0.913,0.0,0.923,0.0,0.923,0.0,0.924,0.0,0.923,0.0,0.924,0.0,0.924,0.0,0.922,0.0,True
