Experiment,Dataset,Noise_0_KS_Stat,Noise_0_P_Value,Noise_1_KS_Stat,Noise_1_P_Value,Noise_2_KS_Stat,Noise_2_P_Value,Noise_3_KS_Stat,Noise_3_P_Value,Noise_4_KS_Stat,Noise_4_P_Value,Noise_5_KS_Stat,Noise_5_P_Value,Noise_6_KS_Stat,Noise_6_P_Value,Noise_7_KS_Stat,Noise_7_P_Value,Noise_8_KS_Stat,Noise_8_P_Value,Noise_9_KS_Stat,Noise_9_P_Value,Union_Bonferroni
projectile,Clean Test,0.038,0.4659595288557257,0.034,0.6101664688189142,0.03,0.7593695685682871,0.031,0.7228251828701066,0.036,0.5362766985932181,0.045,0.26347172719864703,0.036,0.5362766985932181,0.032,0.6854967337920594,0.027,0.8595454206943325,0.048,0.19957365535779528,False
projectile,Mutant 1,0.919,0.0,0.933,0.0,0.95,0.0,0.966,0.0,0.977,0.0,0.98,0.0,0.979,0.0,0.978,0.0,0.974,0.0,0.96,0.0,True
projectile,Mutant 2,0.947,0.0,0.959,0.0,0.969,0.0,0.979,0.0,0.982,0.0,0.989,0.0,0.993,0.0,0.993,0.0,0.983,0.0,0.975,0.0,True
projectile,Mutant 3,0.156,4.944209857281109e-11,0.292,5.56751340341548e-38,0.403,5.766493709529924e-73,0.547,1.0573141119469923e-137,0.609,3.249629335590343e-173,0.645,3.1175017620540427e-196,0.67,2.4224167161371645e-213,0.66,2.202534338835004e-206,0.64,6.347395071559649e-193,0.66,2.202534338835004e-206,True
projectile,Mutant 4,0.927,0.0,0.946,0.0,0.965,0.0,0.972,0.0,0.982,0.0,0.984,0.0,0.985,0.0,0.986,0.0,0.985,0.0,0.978,0.0,True
projectile,Mutant 5,0.765,6.118729944660977e-288,0.806,0.0,0.846,0.0,0.879,0.0,0.904,0.0,0.916,0.0,0.915,0.0,0.925,0.0,0.937,0.0,0.919,0.0,True
projectile,Mutant 6,0.767,1.0782457539376652e-289,0.815,0.0,0.858,0.0,0.883,0.0,0.906,0.0,0.916,0.0,0.918,0.0,0.931,0.0,0.936,0.0,0.91,0.0,True
projectile,Mutant 7,0.682,6.694200298676395e-222,0.703,1.913210671452109e-237,0.755,2.7050466431246426e-279,0.8,6.7025e-320,0.816,0.0,0.832,0.0,0.838,0.0,0.867,0.0,0.883,0.0,0.834,0.0,True
projectile,Mutant 8,0.563,2.165237789572251e-146,0.614,2.65915180710717e-176,0.663,1.8690680016581806e-208,0.729,9.623755032161114e-258,0.782,4.0290020167724145e-303,0.815,0.0,0.835,0.0,0.861,0.0,0.861,0.0,0.81,0.0,True
