Experiment,Dataset,Noise_0_KS_Stat,Noise_0_P_Value,Noise_1_KS_Stat,Noise_1_P_Value,Noise_2_KS_Stat,Noise_2_P_Value,Noise_3_KS_Stat,Noise_3_P_Value,Noise_4_KS_Stat,Noise_4_P_Value,Noise_5_KS_Stat,Noise_5_P_Value,Noise_6_KS_Stat,Noise_6_P_Value,Noise_7_KS_Stat,Noise_7_P_Value,Noise_8_KS_Stat,Noise_8_P_Value,Noise_9_KS_Stat,Noise_9_P_Value,Union_Bonferroni
push,Clean Test,0.052,0.13385273551786803,0.041,0.37012017606173,0.037,0.5005673707894058,0.045,0.26347172719864703,0.052,0.13385273551786803,0.029,0.7946637387576738,0.039,0.43260886958153144,0.034,0.6101664688189142,0.038,0.4659595288557257,0.038,0.4659595288557257,False
push,Mutant 1,0.902,0.0,0.93,0.0,0.929,0.0,0.93,0.0,0.93,0.0,0.93,0.0,0.93,0.0,0.93,0.0,0.93,0.0,0.93,0.0,True
push,Mutant 2,0.739,7.052244167683521e-266,0.888,0.0,0.928,0.0,0.943,0.0,0.968,0.0,0.972,0.0,0.972,0.0,0.971,0.0,0.971,0.0,0.97,0.0,True
push,Mutant 3,0.749,3.328318371004937e-274,0.894,0.0,0.939,0.0,0.96,0.0,0.981,0.0,0.989,0.0,0.99,0.0,0.991,0.0,0.989,0.0,0.983,0.0,True
push,Mutant 4,0.841,0.0,0.917,0.0,0.921,0.0,0.92,0.0,0.922,0.0,0.927,0.0,0.929,0.0,0.929,0.0,0.93,0.0,0.929,0.0,True
